<?xml version="1.0" encoding="UTF-8"?>
<LPROJ>
<LangID>1</LangID>
<LangDir>en</LangDir>

<LangID>2</LangID>
<LangDir>fr</LangDir>

<LangID>3</LangID>
<LangDir>de</LangDir>

<LangID>14</LangID>
<LangDir>tr</LangDir>

<LangID>9</LangID>
<LangDir>fi</LangDir>

<LangID>6</LangID>
<LangDir>sv</LangDir>

<LangID>16</LangID>
<LangDir>ru</LangDir>

<LangID>37</LangID>
<LangDir>ar</LangDir>

<LangID>57</LangID>
<LangDir>he</LangDir>

<LangID>5</LangID>
<LangDir>it</LangDir>

<LangID>27</LangID>
<LangDir>pl</LangDir>

<LangID>17</LangID>
<LangDir>hu</LangDir>

<LangID>82</LangID>
<LangDir>es</LangDir>

<LangID>18</LangID>
<LangDir>nl</LangDir>

<LangID>76</LangID>
<LangDir>pt</LangDir>

<LangID>51</LangID>
<LangDir>frm</LangDir>

<LangID>67</LangID>
<LangDir>lv</LangDir>

<LangID>54</LangID>
<LangDir>el</LangDir>

<LangID>49</LangID>
<LangDir>et</LangDir>

<LangID>68</LangID>
<LangDir>lt</LangDir>

<LangID>78</LangID>
<LangDir>ro</LangDir>

<LangID>93</LangID>
<LangDir>uk</LangDir>

<LangID>42</LangID>
<LangDir>bg</LangDir>

<LangID>45</LangID>
<LangDir>hr</LangDir>

<LangID>79</LangID>
<LangDir>sr</LangDir>

<LangID>59</LangID>
<LangDir>id</LangDir>

<LangID>70</LangID>
<LangDir>ms</LangDir>

<LangID>39</LangID>
<LangDir>tl</LangDir>

<LangID>15</LangID>
<LangDir>is</LangDir>

<LangID>7</LangID>
<LangDir>da</LangDir>

<LangID>8</LangID>
<LangDir>no</LangDir>

<LangID>58</LangID>
<LangDir>hi</LangDir>

<LangID>94</LangID>
<LangDir>ur</LangDir>

<LangID>25</LangID>
<LangDir>cs</LangDir>

<LangID>26</LangID>
<LangDir>sk</LangDir>

<LangID>28</LangID>
<LangDir>sl</LangDir>

<LangID>29</LangID>
<LangDir>zh_Hant</LangDir>

<LangID>30</LangID>
<LangDir>zh_Hant</LangDir>

<LangID>31</LangID>
<LangDir>zh_Hans</LangDir>

<LangID>32</LangID>
<LangDir>ja</LangDir>

<LangID>33</LangID>
<LangDir>th</LangDir>

<LangID>96</LangID>
<LangDir>vi</LangDir>

<LangID>326</LangID>
<LangDir>ml</LangDir>

<LangID>44</LangID>
<LangDir>ca</LangDir>

<LangID>401</LangID>
<LangDir>eu</LangDir>

<LangID>402</LangID>
<LangDir>gl</LangDir>

</LPROJ>